{
    "recipients": [
        {
            "recipient_id": "RCP_001",
            "first_name": "Joshua",
            "last_name": "Ramsay",
            "address": "Pico Lanai 2501 Pico Blvd Santa Monica CA 90405",
            "preferred_first_name": "Josh",
            "preferred_full_name": "Joshua Ramsay",
            "city": "Santa Monica",
            "state": "CA",
            "zip_code": "90405",
            "unit_number": "Pico Lanai"
        },
        {
            "recipient_id": "RCP_001A",
            "first_name": "Josh",
            "last_name": "Ramsey",
            "address": "Pico Lanai 2501 Pico Boulevard Santa Monica CA 90405",
            "preferred_first_name": "Josh",
            "preferred_full_name": "Josh Ramsey",
            "city": "Santa Monica",
            "state": "CA",
            "zip_code": "90405",
            "unit_number": "Pico Lanai"
        },
        {
            "recipient_id": "RCP_002",
            "first_name": "Syta",
            "last_name": "Saephan",
            "address": "8150 Sierra College Blvd Suite 230 Roseville CA 95661",
            "preferred_first_name": "Syta",
            "preferred_full_name": "Syta Saephan",
            "city": "Roseville",
            "state": "CA",
            "zip_code": "95661",
            "unit_number": "Suite 230"
        },
        {
            "recipient_id": "RCP_002A",
            "first_name": "Syta",
            "last_name": "Saepan",
            "address": "8150 Sierra College Blvd Suite 230 Roseville CA 95661",
            "preferred_first_name": "Syta",
            "preferred_full_name": "Syta Saepan",
            "city": "Roseville",
            "state": "CA",
            "zip_code": "95661",
            "unit_number": "Suite 230"
        },
        {
            "recipient_id": "RCP_003",
            "first_name": "Jhoanna",
            "last_name": "Cochico-Adorno",
            "address": "530 Lake Shore Drive Condo MGMT Office 530 N. Lake Shore Drive Ofc 2 Chicago IL 60611",
            "preferred_first_name": "Jhoanna",
            "preferred_full_name": "Jhoanna Cochico-Adorno",
            "city": "Chicago",
            "state": "IL",
            "zip_code": "60611",
            "unit_number": "Ofc 2"
        },
        {
            "recipient_id": "RCP_003A",
            "first_name": "Jhoanna",
            "last_name": "Cochico Adorno",
            "address": "530 Lake Shore Drive Condo MGMT Office 530 N Lake Shore Drive Ofc 2 Chicago IL 60611",
            "preferred_first_name": "Jhoanna",
            "preferred_full_name": "Jhoanna Cochico Adorno",
            "city": "Chicago",
            "state": "IL",
            "zip_code": "60611",
            "unit_number": "Ofc 2"
        },
        {
            "recipient_id": "RCP_004",
            "first_name": "Chrissy",
            "last_name": "Valiee",
            "address": "Avery Pompano Beach 275 N Federal Hwy Pompano Beach FL 33062",
            "preferred_first_name": "Chris",
            "preferred_full_name": "Chrissy Valiee",
            "city": "Pompano Beach",
            "state": "FL",
            "zip_code": "33062",
            "unit_number": "Avery Pompano Beach"
        },
        {
            "recipient_id": "RCP_004A",
            "first_name": "Christine",
            "last_name": "Valiee",
            "address": "Avery Pompano Beach 275 N Federal Hwy Pompano Beach FL 33062",
            "preferred_first_name": "Chrissy",
            "preferred_full_name": "Christine Valiee",
            "city": "Pompano Beach",
            "state": "FL",
            "zip_code": "33062",
            "unit_number": "Avery Pompano Beach"
        },
        {
            "recipient_id": "RCP_005",
            "first_name": "Zoey",
            "last_name": "Dong",
            "address": "2821 Carradale Dr 95661-4047 Roseville CA United States",
            "preferred_first_name": "Zoey",
            "preferred_full_name": "Zoey Dong",
            "city": "Roseville",
            "state": "CA",
            "zip_code": "95661-4047"
        },
        {
            "recipient_id": "RCP_005A",
            "first_name": "Zoey",
            "last_name": "Dong",
            "address": "2821 Carradale Drive Roseville CA 95661",
            "preferred_first_name": "Zoey",
            "preferred_full_name": "Zoey Dong",
            "city": "Roseville",
            "state": "CA",
            "zip_code": "95661"
        },
        {
            "recipient_id": "RCP_006",
            "first_name": "Syta",
            "last_name": "Saephan",
            "address": "8150 Sierra College Blvd Ste 230 95661 Roseville CA United States",
            "preferred_first_name": "Syta",
            "preferred_full_name": "Syta Saephan, Notifii",
            "city": "Roseville",
            "state": "CA",
            "zip_code": "95661",
            "unit_number": "Ste 230"
        },
        {
            "recipient_id": "RCP_006A",
            "first_name": "Syta",
            "last_name": "Saephan",
            "address": "8150 Sierra College Blvd Ste 230 Roseville CA 95661",
            "preferred_first_name": "Syta",
            "preferred_full_name": "Syta Saephan",
            "city": "Roseville",
            "state": "CA",
            "zip_code": "95661",
            "unit_number": "Ste 230"
        },
        {
            "recipient_id": "RCP_007",
            "first_name": "Kelly",
            "last_name": "McPolin",
            "address": "Thermo Fisher Scientific 650 North 870 West Logan UT 84321",
            "preferred_first_name": "Kelly",
            "preferred_full_name": "Kelly McPolin",
            "city": "Logan",
            "state": "UT",
            "zip_code": "84321",
            "unit_number": "Thermo Fisher Scientific"
        },
        {
            "recipient_id": "RCP_007A",
            "first_name": "Kelly",
            "last_name": "McPolin",
            "address": "650 North 870 West Logan UT 84321",
            "preferred_first_name": "Kelly",
            "preferred_full_name": "Kelly McPolin",
            "city": "Logan",
            "state": "UT",
            "zip_code": "84321"
        },
        {
            "recipient_id": "RCP_008",
            "first_name": "Jodi",
            "last_name": "Sondergaard",
            "address": "Broadway Promenade 1064 North Tamiami Trail Sarasota FL 34236",
            "preferred_first_name": "Jodi",
            "preferred_full_name": "Jodi Sondergaard",
            "city": "Sarasota",
            "state": "FL",
            "zip_code": "34236",
            "unit_number": "Broadway Promenade"
        },
        {
            "recipient_id": "RCP_008A",
            "first_name": "Jodi",
            "last_name": "Sondergaard",
            "address": "1064 N Tamiami Trail Sarasota FL 34236",
            "preferred_first_name": "Jodi",
            "preferred_full_name": "Jodi Sondergaard",
            "city": "Sarasota",
            "state": "FL",
            "zip_code": "34236"
        },
        {
            "recipient_id": "RCP_009",
            "first_name": "Tashayanna",
            "last_name": "Mixson",
            "address": "Sierra Ridge Apartments 2004 Sierra Commons Rd Dickinson ND 58601",
            "preferred_first_name": "Tasha",
            "preferred_full_name": "Tashayanna Mixson",
            "city": "Dickinson",
            "state": "ND",
            "zip_code": "58601",
            "unit_number": "Sierra Ridge Apartments"
        },
        {
            "recipient_id": "RCP_009A",
            "first_name": "Tasha",
            "last_name": "Mixson",
            "address": "2004 Sierra Commons Road Dickinson ND 58601",
            "preferred_first_name": "Tasha",
            "preferred_full_name": "Tasha Mixson",
            "city": "Dickinson",
            "state": "ND",
            "zip_code": "58601"
        },
        {
            "recipient_id": "RCP_010",
            "first_name": "LaLarry",
            "last_name": "Anderson",
            "address": "800 North Point Parkway Suite 100 Alpharetta GA 30005",
            "preferred_first_name": "Larry",
            "preferred_full_name": "LaLarry Anderson",
            "city": "Alpharetta",
            "state": "GA",
            "zip_code": "30005",
            "unit_number": "Suite 100"
        },
        {
            "recipient_id": "RCP_010A",
            "first_name": "Larry",
            "last_name": "Anderson",
            "address": "800 N Point Pkwy Ste 100 Alpharetta GA 30005",
            "preferred_first_name": "Larry",
            "preferred_full_name": "Larry Anderson",
            "city": "Alpharetta",
            "state": "GA",
            "zip_code": "30005",
            "unit_number": "Ste 100"
        }
    ]
}